{
  "LanguageName": "English",
  "LanguageID": "en-US",
  "Localization": {
    "Untitled": "Untitled",
    "Title": "{0} - Nollie x SignalRGB Custom Component Editor",
    "File": "File",
    "New": "New",
    "Open": "Open..",
    "SelectComponentFile": "Select component file..",
    "Save": "Save",
    "SaveAs": "Save As...",
    "SaveComponentFileAs": "Save component file as...",
    "Exit": "Exit",
    "Settings": "Settings",
    "Help": "Help",
    "Controls": "Controls",
    "ControlMsg": "Mouse Controls: {0}Left Click: Select LED/Move LED{0}Left Double Click: Add LED{0}Middle Click: Move Map{0}Scroll: Zoom{0}Right Click: Show Menu{0}{0}Keyboard Controls: {0}Spacebar: Add LED on Mouse Position{0}Delete: Remove last LED",
    "VisitSignalRGB": "Visit SignalRGB Website",
    "VisitNollie": "Visit Nollie Website",
    "VisitMentaL": "Visit I'm Not MentaL Website",
    "BuyNollie": "Buy Nollie32",
    "Name": "Name",
    "Vendor": "Vendor",
    "Product": "Product",
    "Type": "Type",
	"AIO": "AIO",
	"Cable": "Cable",
	"Case": "Case",
	"Chair": "Chair",
	"Fan": "Fan",
	"Custom": "Custom",
	"Strip": "Strip",
	"WaterBlock": "Water Block",
	"Tower": "Tower",
	"Heatsink": "Heatsink",
	"Desk": "Desk",
    "Width": "Width",
    "Height": "Height",
    "LEDCount": "LED Count",
    "SelectImage": "Select Image",
    "SelectImageFile": "Select image file..",
    "Position": "Position: {0}, {1}",
    "LEDInfo": "Index: {1}{0}Name: {2}{0}Position: {3}, {4}",
    "AddLED": "Add LED",
    "AddLEDs": "Add LEDs",
    "RemoveLastLED": "Remove last LED",
    "RemoveLastLEDs": "Remove last LEDs",
    "NumberOfLEDs": "Number of LEDs",
    "Direction": "Direction",
    "Confirm": "Confirm",
	"Top": "Top",
	"Right": "Right",
	"Bottom": "Bottom",
	"Left": "Left",
    "Language": "Language",
    "ShiftDisplayingLEDIndex": "Shift Displaying LED index by 1",
    "Console": "Console",
	"SettingSaveMsg": "Some setting changes will not take effect until you restart SignalRGB Custom Component Editor."
  }
}