{
  "LanguageName": "Chinese Simplified",
  "LanguageID": "zh-CN",
  "Localization": {
    "Untitled": "无标题",
    "Title": "{0} - Nollie x SignalRGB 自定义组件编辑器",
    "File": "文件",
    "New": "新建",
    "Open": "打开..",
    "SelectComponentFile": "选择组件文件..",
    "Save": "保存",
    "SaveAs": "另存为...",
    "SaveComponentFileAs": "保存组件文件为...",
    "Exit": "离开",
    "Settings": "设定",
    "Help": "帮助",
    "Controls": "控制",
    "ControlMsg": "鼠标控制: {0}左键单击: 选择LED/移动LED{0}左键双击: 添加LED{0}中键单击: 移动映射{0}滚动: 缩放{0}右键单击: 显示菜单{0}{0}键盘控制: {0}空格键: 在鼠标位置添加LED{0}删除键: 移除最后一个LED",
    "VisitSignalRGB": "访问 SignalRGB 网站",
    "VisitNollie": "访问 Nollie 网站",
    "VisitMentaL": "访问 我唔係MentaL 网站",
    "BuyNollie": "购买Nollie32",
    "Name": "名称",
    "Vendor": "供应商",
    "Product": "产品",
    "Type": "类型",
	"AIO": "一体式",
	"Cable": "电缆",
	"Case": "外壳",
	"Chair": "椅子",
	"Fan": "风扇",
	"Custom": "自定义",
	"Strip": "灯带",
	"WaterBlock": "水冷头",
	"Tower": "塔",
	"Heatsink": "散热器",
	"Desk": "桌子",
    "Width": "宽度",
    "Height": "高度",
    "LEDCount": "LED数量",
    "SelectImage": "选择图像",
    "SelectImageFile": "选择图像文件..",
    "Position": "位置: {0}, {1}",
    "LEDInfo": "索引: {1}{0}名字: {2}{0}位置: {3}, {4}",
    "AddLED": "添加LED",
    "AddLEDs": "添加多个LED",
    "RemoveLastLED": "移除最后一个LED",
    "RemoveLastLEDs": "移除追后多个LED",
    "NumberOfLEDs": "LED数量",
    "Direction": "方向",
    "Confirm": "确认",
	"Top": "向上",
	"Right": "向右",
	"Bottom": "向下",
	"Left": "向左",
    "Language": "语言",
    "ShiftDisplayingLEDIndex": "显示LED索引从1开始",
    "Console": "控制台",
	"SettingSaveMsg": "某些设置更改只有在重新启动 SignalRGB 自定义组件编辑器后才会生效。"
  }
}