{
  "LanguageName": "Chinese Simplified",
  "LanguageID": "zh-CN",
  "Localization": {
    "Untitled": "無標題",
    "Title": "{0} - Nollie x SignalRGB 自定義組件編輯器",
    "File": "文件",
    "New": "新建",
    "Open": "打開..",
    "SelectComponentFile": "選擇組件文件..",
    "Save": "保存",
    "SaveAs": "另存為...",
    "SaveComponentFileAs": "保存組件文件為...",
    "Exit": "離開",
    "Settings": "設定",
    "Help": "幫助",
    "Controls": "控制",
    "ControlMsg": "鼠標控制: {0}左鍵單擊: 選擇LED/移動LED{0}左鍵雙擊: 添加LED{0}中鍵單擊: 移動映射{0}滾動: 縮放{0}右鍵單擊: 顯示菜單{0}{0}鍵盤控制: {0}空格鍵: 在鼠標位置添加LED{0}刪除鍵: 移除最後壹個LED",
    "VisitSignalRGB": "訪問 SignalRGB 網站",
    "VisitNollie": "訪問 Nollie 網站",
    "VisitMentaL": "訪問 我唔係MentaL 網站",
    "BuyNollie": "購買Nollie32",
    "Name": "名稱",
    "Vendor": "供應商",
    "Product": "產品",
    "Type": "類型",
	"AIO": "壹體式",
	"Cable": "電纜",
	"Case": "外殼",
	"Chair": "椅子",
	"Fan": "風扇",
	"Custom": "自定義",
	"Strip": "燈帶",
	"WaterBlock": "水冷頭",
	"Tower": "塔",
	"Heatsink": "散熱器",
	"Desk": "桌子",
    "Width": "寬度",
    "Height": "高度",
    "LEDCount": "LED數量",
    "SelectImage": "選擇圖像",
    "SelectImageFile": "選擇圖像文件..",
    "Position": "位置: {0}, {1}",
    "LEDInfo": "索引: {1}{0}名字: {2}{0}位置: {3}, {4}",
    "AddLED": "添加LED",
    "AddLEDs": "添加多個LED",
    "RemoveLastLED": "移除最後壹個LED",
    "RemoveLastLEDs": "移除追後多個LED",
    "NumberOfLEDs": "LED數量",
    "Direction": "方向",
    "Confirm": "確認",
	"Top": "向上",
	"Right": "向右",
	"Bottom": "向下",
	"Left": "向左",
    "Language": "語言",
    "ShiftDisplayingLEDIndex": "顯示LED索引從1開始",
    "Console": "控制臺",
	"SettingSaveMsg": "某些設置更改只有在重新啟動 SignalRGB 自定義組件編輯器後才會生效。"
  }
}